,language,entropy_1000,entropy_all
0,French,0.15358427843254188,0.1554116600127712
1,German,0.36427232066330806,0.3323136016490866
2,Greek,0.6291235519021385,0.582288956146792
3,Latin,0.5374338655611441,0.6522373108949644
4,Tamil,0.04012730717109395,0.04012730717109395
